turma;resposta;sentimento;justificativa
UFSC-EMB5600_01602_01605-2025-1-1;Até o momento cobre os assuntos iniciais relacionados ao tema para que não haja brechas para o entendimento futuro da disciplina. Cobre os assuntos de maneira completa e objetiva, portanto, até o momento me encontro satisfeito.;Positiva;O sentimento final foi escolhido como positivo devido à satisfação expressa pelo estudante em relação à abordagem da disciplina.
UFSC-EMB5600_01602_01605-2025-1-1;Achei bem didática forma como estão introduzindo a disciplina de programação para os alunos. Explicando como funciona a cabeça do computador e o primordial da programação de forma bem simples para gente conseguir entender.  A prof é super simpática, explica muito bem e, o mais importante, está construindo nossa forma de pensar e entender a logica de programação antes de logo já ensinar uma linguagem. Eu tive aulas de C+ e mds, a explicação era muito vaga e eu não consegui entender o todo da programação sabe. Já aqui a prof está nos dando uma base de entendimento sobre programação de uma forma bem clara, dinâmica e entendível sabe. Eu to amando as aulas praticas e adorei o joguinho da Elsa pra explicar como funciona as funções. Transforma a programação algo bem divertido.;Misto;O sentimento final foi escolhido como Misto porque o texto contém tanto elogios à nova abordagem de ensino quanto críticas à experiência anterior com aulas de C+.
UFSC-EMB5600_01602_01605-2025-1-1;No momento, o conteúdo está sendo algo que já conheço, então estou achando bastante tranquila. Estou empolgada e na expectativa para começar a aprender e aplicar conteúdos mais complexos;Positiva;O sentimento final foi escolhido como positivo, pois a estudante expressa empolgação e tranquilidade em relação ao conteúdo, sem apresentar críticas ou frustrações.
UFSC-EMB5600_01602_01605-2025-1-1;Ótimo curso, bem explicado para quem não entende de programação. Professora com didática incrível e extremamente atenciosa.;Positiva;O sentimento final foi escolhido como positivo, pois o texto contém apenas elogios e aspectos favoráveis sobre o curso e a professora.
UFSC-EMB5600_01602_01605-2025-1-1;Primeira vez que aprendo sobre o mundo de programaçao, como futuro engenheiro achei muito interessante aprender como funciona um computador e sua linguagem, esta bem didatico por enquanto;Positiva;O sentimento final foi escolhido como positivo devido aos elogios sobre o aprendizado e a didática do curso, sem críticas ou aspectos desfavoráveis.
UFSC-EMB5600_01602_01605-2025-1-1;Estou satisfeito com a aula, gosto de aprender a lógica e as primeiras etapas da programação.;Positiva;O sentimento final foi escolhido como positivo porque o estudante expressa satisfação e gosto pela aula e pelo aprendizado.
UFSC-EMB5600_01602_01605-2025-1-1;Eu tenho muito pouco contato com programação, portanto para mim está sendo um sentimento novo. Até o momento estou gostando e me adaptando muito bem, buscarei praticar com os materiais disponibilizados e por fora também. Irei dar início a um minicurso de Python disponibilizado pela UFSC, com o intuito de aprender e me aprofundar ainda mais na matéria.;Positiva;O sentimento final foi escolhido como Positiva, pois a maioria das expressões indicam satisfação e disposição para aprender, apesar de mencionar a falta de contato anterior com programação.
UFSC-EMB5600_01602_01605-2025-1-1;"A disciplina até o devido momento esta sendo bem satisfatória, indo de acordo com minhas expectativas; Ademais, minha única ressalva, seria a expectativa de ao decorrer do curso, além de programação, também serem oferecidos conhecimentos relacionados aos conceitos diretamente entrelaçados ao uso da programação, como por exemplo: sistemas operacionais (ex: Linux), protocolos de redes, banco de dados (ex: SGBDs)e sistemas embarcados(ex: dispositivos IoT).";Misto;O texto apresenta sentimentos positivos sobre a disciplina, mas também expressa uma crítica em relação à falta de conteúdos adicionais esperados, resultando em um sentimento misto.
UFSC-EMB5600_01602_01605-2025-1-1;Não esperava que tivesse tantas aplicações dessa disciplina em meu curso, a professora que a leciona e ótima e estou conseguindo aprender e me aprofundar nos conteúdos.;Positiva;O sentimento final foi escolhido como Positiva, pois o texto expressa satisfação com a professora e o aprendizado, apesar de uma observação neutra sobre as aplicações da disciplina.
UFSC-EMB5600_01602_01605-2025-1-1;por enquanto estou entusiasmado para aprender a programar, mas ainda não aprendemos tanta coisa, a professora é bem gentil e acredito esta disciplina possa ver bem importante no mercado de trabalho;Misto;O sentimento final foi escolhido como Misto porque há uma expressão de entusiasmo e apreciação pela professora, mas também uma crítica sobre a quantidade de conteúdo aprendido até o momento.
UFSC-EMB5600_01602_01605-2025-1-1;estou ansiosa para entender melhor de programação por saber a importancia disso para o mercado de trabalho, acho que o ritmo da disciplina esta bom;Positiva;O sentimento final foi escolhido como positivo, pois a estudante expressa ansiedade e satisfação em relação ao aprendizado de programação e ao ritmo da disciplina.
UFSC-EMB5600_01602_01605-2025-1-1;Neste início de semestre sinto que as aulas estão ainda muito básicas. Mas entendo que um início vagaroso é necessário para um nivelamento na turma acerca dos conhecimentos em programação.;Misto;O sentimento final foi escolhido como Misto porque há uma crítica sobre a simplicidade das aulas, mas também uma compreensão da necessidade desse início para nivelamento.
UFSC-EMB5600_01602_01605-2025-1-1;Até então estou adorando, a aula em que usamos a programação em blocos com certeza foi minha favorita por ser divertida e educativa ao mesmo tempo, rever o scratch foi incrível, a professora também ajuda muito a gostar da matéria, passando um ar mais leve pra algo que poderia assustar alguns que nunca programaram antes.;Positiva;O sentimento final foi escolhido como Positiva, pois a maioria dos trechos expressa satisfação e elogios, apesar de uma leve crítica sobre a dificuldade que alguns podem sentir.
UFSC-EMB5600_01602_01605-2025-1-1;Sinto que a disciplina, até o momento, está introduzindo de forma bem didática a matéria, promovendo uma base boa e necessária para o que o o currículo do curso exige futuramente (Prog 1 e 2).;Positiva;O sentimento final foi escolhido como positivo, pois o texto destaca aspectos favoráveis sobre a didática da disciplina e a relevância da base que está sendo construída.
UFSC-EMB5600_01602_01605-2025-1-1;me sinto animado com os conteudo;Positiva;O sentimento final foi escolhido como Positiva porque a frase expressa animação em relação ao conteúdo, indicando satisfação.
UFSC-EMB5600_01602_01605-2025-1-1;Me sinto satisfeito, pois a metodologia de ensino e as praticas são bem efetivas para o aprendizado.;Positiva;O sentimento final foi escolhido como positivo devido à expressão de satisfação com a metodologia de ensino e a eficácia das práticas para o aprendizado.
UFSC-EMB5600_01602_01605-2025-1-1;Programação é surpreendentemente legal, ainda mais pra uma disciplina de ensino superior.;Positiva;O sentimento final foi escolhido como positivo porque o estudante expressa entusiasmo e apreciação pela disciplina de programação.
UFSC-EMB5600_01602_01605-2025-1-1;Estou achando interessante. Estava receosa por que sou leiga com computadores, mas o ritmo que a professora está conduzindo as aulas e a forma que ela explica são muito bons e não estou me sentindo prejudicada ou confusa.;Positiva;O sentimento final foi escolhido como Positiva, pois a estudante destaca aspectos favoráveis sobre a aula e a professora, apesar de expressar uma preocupação inicial.
UFSC-EMB5600_01602_01605-2025-1-1;A disciplina de programação 1 e desafiadora, mais eu sinto um pouco mais lenta do que as demais, mas eu entendo que por ter muita gente que não tem um PC em casa ou um note, mais eu sei que ser for muito rápido muita gente acaba não entendendo.;Misto;O texto apresenta tanto um reconhecimento do desafio da disciplina quanto uma crítica à sua lentidão, resultando em sentimentos mistos.
UFSC-EMB5600_01602_01605-2025-1-1;Indiferente por enquanto, muito do conteúdo apresentado no momento eu já sei, pois cursei programação no ensino médio;Neutra;O texto expressa uma opinião sem carga emocional clara, apenas informando que o estudante já possui conhecimento sobre o conteúdo.
UFSC-EMB5600_01602_01605-2025-1-1;Muito satisfeita. Mesmo que já tenha o Técnico em Informática, tinha algumas dúvidas que foram respondidas nas aulas. Gosto da didática e da dinâmica da aula, acho que funciona bem. Estou bastante satisfeita com as aulas;Positiva;O sentimento final foi escolhido como Positiva, pois a estudante expressa satisfação e elogios em relação às aulas, apesar de mencionar dúvidas que foram esclarecidas.
UFSC-EMB5600_01602_01605-2025-1-1;"Programação é uma matéria da qual tenho bastante apreço e curiosidade, e nessa ansiedade por conhecimento, ainda aguardo ansionamente para por a &quot;mão na massa&quot; e começar pelo &quot;hello world!&quot;. Mesmo assim, entendo o ritmo mais devagar das primeiras aulas e a didática que isso oferece, porém continuo saindo de cada aula com aquele gosto de &quot;quero mais&quot;.";Misto;O sentimento final foi escolhido como 'Misto' porque o texto expressa tanto apreço e curiosidade pela programação quanto uma crítica ao ritmo das aulas.
UFSC-EMB5600_01602_01605-2025-1-1;Até esse momento gostei do que vi nas aulas de programação. Gosto da didática da professora Viviane e da forma como ela desenvolve a aula. Meu aprendizado tem sido otimizado e estou animado para a continuação das aulas.;Positiva;O sentimento final foi escolhido como positivo, pois o texto expressa satisfação e elogios em relação às aulas e à professora.
UFSC-EMB5600_01602_01605-2025-1-1;Materiais muito didáticos e bem explicativos que somados com as aulas da professora contribuem para um compreendi mento total da disciplina sem quaisquer dúvidas até o momento.;Positiva;O sentimento final foi escolhido como positivo devido aos elogios aos materiais didáticos e à contribuição das aulas para o entendimento da disciplina.
UFSC-EMB5600_01602_01605-2025-1-1;Estou gostando, parece muito interessante e por enquanto estou entendendo bem e conseguindo fazer os exercícios.;Positiva;O sentimento final foi escolhido como positivo, pois o estudante expressa satisfação e compreensão em relação ao conteúdo e aos exercícios.
UFSC-EMB5600_01602_01605-2025-1-1;por estar nas primeiras aulas ainda n tenho uma opinião formada, por ainda n ter tido contato com novas informações.;Neutra;O texto expressa uma falta de opinião e contato com informações, sem apresentar sentimentos positivos ou negativos claros.
UFSC-EMB5600_01602_01605-2025-1-1;Gosto muito do método de ensino utilizado, as aulas no laboratório ajudam muito na compreensão do conteúdo. Mesmo eu não sabendo nada sobre programação, estou aprendendo tudo. É ótimo.;Positiva;O texto expressa satisfação com o método de ensino e a eficácia das aulas, sem apresentar críticas ou aspectos desfavoráveis.
UFSC-EMB5600_01602_01605-2025-1-1;Eu nunca havia tido qualquer forma de contato com programação, então inciei essa matéria com um pouco de receio, porém até agora estou achando bastante interessante e mesmo sem experiência prévia estou conseguindo acompanhar bem os conteúdos. Logo, estou me sentindo muito bem em relação à disciplina.;Positiva;O sentimento final foi escolhido como Positiva, pois a satisfação e o interesse na disciplina superam o receio inicial.
UFSC-EMB5600_01602_01605-2025-1-1;me sinto animada pra aprender mais sobre programação e relembrar algumas coisas que já aprendi em cursos anteriores;Positiva;O sentimento final foi escolhido como positivo porque expressa animação e entusiasmo em aprender e relembrar conhecimentos anteriores.
UFSC-EMB5600_01602_01605-2025-1-1;Aulas descontraídas e conteúdo bem explicado. Poucas dúvidas restando.;Positiva;O texto expressa satisfação com as aulas e a clareza do conteúdo, sem apresentar críticas ou aspectos desfavoráveis.
UFSC-EMB5600_01602_01605-2025-1-1;Programação sempre foi minha maior vontade de aprender desde antes de entrar na faculdade e realmente estou conhecendo muitas coisas que sempre tinha vontade e por já trabalhar no meio período além da faculdade já utilizo coisas que estou aprendendo nessa matéria em meu ambiente profissional;Positiva;O sentimento final foi escolhido como positivo, pois o texto expressa entusiasmo e satisfação em aprender programação e aplicar o conhecimento no trabalho.
UFSC-EMB5600_01602_01605-2025-1-1;Estou me sentir bem;Positiva;O sentimento final foi escolhido como positivo porque a frase expressa uma sensação de bem-estar.
UFSC-EMB5600_01602_01605-2025-1-1;Nunca tive contado com programação antes, estou gostando da disciplina, apesar de ter dificuldade com a programação em blocos da aula 1.;Misto;O sentimento final foi escolhido como 'Misto' porque há uma apreciação pela disciplina, mas também uma dificuldade mencionada.
UFSC-EMB5600_01602_01605-2025-1-1;Estou fazendo prog pela segunda vez e vejo como uma matéria que abre diversas oportunidades dentro da faculdade principalmente para participar em laboratórios, iniciação científica etc, sempre é um diferencial ter conhecimento em programação;Positiva;O texto expressa uma visão favorável sobre a matéria de programação, destacando suas oportunidades e benefícios sem apresentar críticas ou frustrações.
UFSC-EMB5600_01602_01605-2025-1-1;No começo, Programação 1 parecia um desafio, pela falta de prática e pouco conhecimento sobre, mas eu estou gostando da metodologia e do conteúdo.;Misto;O sentimento final foi escolhido como Misto porque o texto expressa tanto uma crítica inicial em relação à dificuldade da disciplina quanto uma satisfação com a metodologia e o conteúdo.
UFSC-EMB5600_01602_01605-2025-1-1;Disciplina muito interessante com assuntos e atividades que não havia praticado antes, espero aprender bastante e me aprofundar na área.;Positiva;O sentimento final foi escolhido como positivo devido à expressão de interesse e expectativa de aprendizado em relação à disciplina.
UFSC-EMB5600_01602_01605-2025-1-1;Estou satisfeito, pois, a professora e o monitor são muitos atenciosos quanto as dúvidas;Positiva;O sentimento final foi escolhido como Positiva porque o texto expressa satisfação e elogios em relação à atenção da professora e do monitor.
UFSC-EMB5600_01602_01605-2025-1-1;Ate o momento tive uma ótima introdução ao funcionamento de computadores e programação.;Positiva;O sentimento final foi escolhido como positivo devido à expressão de satisfação com a introdução ao tema.
UFSC-EMB5600_01602_01605-2025-1-1;Escolhi Aero pelo gosto em aviação e mecânica, apesar de não ser muito afeiçoado por computadores a disciplina está sendo interessante.;Misto;O sentimento final foi escolhido como Misto porque há uma apreciação pela disciplina e o gosto pela aviação, mas também uma crítica em relação à falta de afinidade com computadores.
UFSC-EMB5600_01602_01605-2025-1-1;Eu me surpreendi positivamente com a disciplina, eu não tinha expectativas altas, via programação como algo chato. Mas eu tenho gostado muito, eu gosto muito de lógica, o que conversa bastante com os conteúdos, se mostrando muito interessante.;Misto;O sentimento final foi escolhido como Misto porque o texto contém tanto elogios à disciplina quanto uma crítica inicial sobre as expectativas e a percepção de programação.
UFSC-EMB5600_01602_01605-2025-1-1;Como alguém que nunca teve contato com programação, apenas com código binário, achei muito boa a didática.;Positiva;O sentimento final foi escolhido como positivo devido ao elogio à didática, que é um aspecto favorável da experiência do estudante.
UFSC-EMB5600_01602_01605-2025-1-1;Estou me sentindo muito satisfeito em relação à disciplina. As aulas são bem preparadas pois contam com aulas teóricas e práticas. A disciplina oferece desafios tangíveis além de suporte adequado para tirar dúvidas com os professores e monitores. Estou gostando dos conteúdos e espero que eles estejam adequados aos requisitos do mercado de trabalho. Além do conteúdo abordado em sala existem vídeo aulas e listas de exercícios, ambos são complementos fundamentais para a retenção do conhecimento. As aulas práticas contam com um ambiente excelente com ótimos computadores e um ambiente agradável. As aulas teóricas contam com uma sala bem equipada com projetor e ambiente agradável.;Positiva;O sentimento final foi escolhido como 'Positiva' devido à forte satisfação expressa em relação à disciplina e aos aspectos favoráveis mencionados sobre as aulas e o ambiente.
UFSC-EMB5600_01602_01605-2025-1-1;Estou me sentindo bem quanto à disciplina porque é testado na prática os diversos conteúdos das aulas e isso me dá uma perspectiva mais ampla sobre o propósito da disciplina;Positiva;O sentimento final foi escolhido como Positiva porque o texto expressa satisfação e apreciação em relação à disciplina e ao método de ensino.
UFSC-EMB5600_01602_01605-2025-1-1;Estou achando muito devagar, pensei que já estaríamos aprendendo os primeiros códigos;Misto;O estudante expressa frustração com a velocidade do aprendizado, mas não há elementos positivos que contrabalançam essa crítica.
UFSC-EMB5600_01602_01605-2025-1-1;Moderadamente perdido;Negativa;O termo 'perdido' indica uma sensação de confusão ou desorientação, o que é um aspecto desfavorável.
UFSC-EMB5600_01602_01605-2025-1-1;Nunca tive contato com programação antes, estou aprendendo e gosto da disciplina, posso acabar tendo um pouco de dificuldade mas estou disposta a melhorar.;Misto;O sentimento final foi escolhido como 'Misto' porque há uma expressão de gosto pela disciplina, mas também uma menção a possíveis dificuldades.
UFSC-EMB5600_01602_01605-2025-1-1;Estou me sentido muito satisfeita porque as aulas são bem informativas, bem explicadas e dinâmicas. Estou me reconhecendo com o assunto e gostando da metodologia aplicada.;Positiva;O sentimento final foi escolhido como positivo devido à expressão de satisfação e apreciação em relação às aulas e à metodologia.
UFSC-EMB5648_01606-2025-1-1;Bem, foi um conteúdo que já tive em outros cursos.;Neutra;O texto apresenta uma informação sobre o conteúdo sem expressar sentimentos positivos ou negativos claros.
UFSC-EMB5648_01606-2025-1-1;No início eu estava bem animado para a disciplina, porém nas primeiras aulas eu demorei para me adaptar com o CS e achei que a disciplina era mais difícil do que realmente é, no fim, depois de organizar os meus estudos, voltei a me animar com a disciplina.;Misto;O texto apresenta sentimentos positivos sobre a animação com a disciplina e negativos sobre a dificuldade e adaptação, resultando em um sentimento misto.
UFSC-EMB5648_01606-2025-1-1;Interessado;Positiva;O termo 'interessado' indica uma atitude positiva em relação ao assunto mencionado.
UFSC-EMB5648_01606-2025-1-1;Ansioso;Negativa;O termo 'ansioso' expressa um estado emocional negativo, indicando preocupação ou nervosismo.
UFSC-EMB5648_01606-2025-1-1;Bem, não é uma disciplina que eu encontro dificuldades em aprender e consigo entender o que é proposto tranquilamente e quaisquer dúvidas são sanadas ao olhar o material disponibilizado e praticar o que foi proposto em sala.;Positiva;O sentimento final foi escolhido como Positiva, pois o texto expressa satisfação e facilidade em aprender a disciplina, sem apresentar críticas ou frustrações.
UFSC-EMB5648_01606-2025-1-1;Uma disciplina muito interessante no qual aprendemos sobre programação;Positiva;O sentimento final foi escolhido como positivo devido à expressão de interesse e aprendizado na disciplina.
UFSC-EMB5648_01606-2025-1-1;Eu estou gostando das aulas, mas estou com um pouco de medo de não conseguir fazer as atividades.;Misto;O sentimento final foi escolhido como Misto porque há uma expressão de satisfação em relação às aulas, mas também uma preocupação em relação às atividades.
UFSC-EMB5648_01606-2025-1-1;Um rico conhecimento tem sido passado pelo professor, de forma clara e prática, com exemplos e atividades em sala promovidas a cada conteúdo administrado. Estou satisfeito.;Positiva;O sentimento final foi escolhido como positivo devido à satisfação expressa e à descrição favorável sobre a didática do professor.
UFSC-EMB5648_01606-2025-1-1;Para mim é de certa forma desafiador, porém uma disciplina muito interessante.;Misto;O texto expressa um desafio, que é um aspecto negativo, mas também destaca o interesse pela disciplina, resultando em sentimentos mistos.
UFSC-EMB5648_01606-2025-1-1;estou gostando bastante, uma matéria interessante e bem importante para o desenvolvimento de nós alunos;Positiva;O sentimento final foi escolhido como positivo devido à expressão de satisfação e apreciação pela matéria.
UFSC-EMB5648_01606-2025-1-1;Sobre a matéria programação, inicialmente estou achando complicada, porque nunca tive contato com esse tipo de disciplina antes, mas com o tempo e prática, acredito que o processo deve ficar mais leve. Só fico com receio em relação as provas. Mas em geral, as aulas estão boas e as avidades aplicadas e listas estão ajudando muito a aprendizagem.;Misto;O sentimento final foi escolhido como 'Misto' porque o texto apresenta tanto aspectos positivos sobre as aulas e a aprendizagem quanto preocupações e dificuldades em relação à disciplina e às provas.
UFSC-EMB5648_01606-2025-1-1;Um pouco surpresa com a nova didática referente ao ensino da disciplina. Já possuo conhecimento sobre a área da programação (em diferentes linguagens), mas nunca estudei de modo aprofundado a arquitetura computacional e nem me aprofundei em lógica de programação. Acredito que estudando bem as bases da disciplina, poderei alcançar bons resultados. Me sinto otimista, mas não posso negar que me sinto ansiosa frente a esse novo desafio, no que concerne meus desempenhos nessa área.;Misto;O sentimento final foi escolhido como Misto porque o texto expressa tanto otimismo em relação ao aprendizado quanto ansiedade e surpresa em relação à nova didática.
UFSC-EMB5648_01606-2025-1-1;Estou gostando bastante, matéria importante apesar de muitos acharem ela inutil, esses que estão enganados;Misto;O texto expressa satisfação com a matéria, mas também menciona uma crítica sobre a percepção negativa de outros estudantes.
UFSC-EMB5648_01606-2025-1-1;Indiferente, não é algo novo pra mim;Neutra;O texto expressa uma falta de emoção ou opinião clara, indicando uma posição neutra em relação ao assunto.
UFSC-EMB5648_01606-2025-1-1;Estou confiante;Positiva;O sentimento final foi escolhido como positivo porque a expressão 'estou confiante' transmite uma sensação de segurança e otimismo.
UFSC-EMB5648_01606-2025-1-1;Já entendo um pouco de programação, mas nunca tinha estudado por essa parte de funcionamento de computadores e sistemas, gostei muito da didática.;Misto;O texto apresenta um elogio à didática, mas também menciona a falta de experiência em uma parte do conteúdo, resultando em sentimentos mistos.
UFSC-EMB5648_01606-2025-1-1;Já passei pela disciplina num curso de programação numa escola americana e eu sinto não estar entendendo muita coisa aqui, mas compreendo, porque já vi antes, então não faço ideia de como me sentir, talvez eu seja uma farsa (incompreensão genuína).;Misto;O texto apresenta tanto uma compreensão prévia que é positiva, quanto uma frustração em relação à dificuldade de entendimento, resultando em sentimentos mistos.
UFSC-EMB5648_01606-2025-1-1;Estou satisfeito;Positiva;O sentimento final foi escolhido como positivo porque a frase expressa satisfação.
UFSC-EMB5648_01606-2025-1-1;Gostei bastante. Professor sabe bem explicar a matéria;Positiva;O sentimento final foi escolhido como positivo devido à expressão de satisfação e elogio ao professor e à sua capacidade de explicar a matéria.
UFSC-EMB5648_01606-2025-1-1;Estou me sentindo satisfeito em relação a disciplina, aprendendo muita informação relevante e de alta qualidade!;Positiva;O sentimento final foi escolhido como positivo porque o texto expressa satisfação e apreciação pela disciplina e pelo aprendizado.
UFSC-EMB5648_01606-2025-1-1;Bem;Positiva;O termo 'Bem' indica um sentimento positivo, sugerindo satisfação ou aprovação.
UFSC-EMB5648_01606-2025-1-1;com expectativas, sempre quis aprender a progamar, mas sei que vai ser dificil então também to ansioso;Misto;O texto expressa tanto a expectativa positiva de aprender a programar quanto a preocupação com a dificuldade, resultando em sentimentos mistos.
UFSC-EMB5648_01606-2025-1-1;Pra mim que sou muito leigo nesse assunto, eu sinto que a explicação do professor, junto da matéria que é passada não me deixa confuso.;Positiva;O sentimento final foi escolhido como positivo porque o estudante expressa satisfação com a explicação do professor e a clareza da matéria, apesar de se considerar leigo no assunto.
UFSC-EMB5648_01606-2025-1-1;Acredito que a disciplina tem muito a agregar em minha bagagem acadêmica.;Positiva;O sentimento final foi escolhido como positivo porque a frase expressa uma expectativa favorável em relação à disciplina.
UFSC-EMB5648_01606-2025-1-1;A disciplina de programação, me parece bem apresentada para os alunos, e bem conectada com as funções que a Engenharia Naval exige, me sinto empolgado com essa disciplina, e vejo ela como uma oportunidade de adaptação ao meio digital, o que com prática favorece bastante no mercado de trabalho.;Positiva;O sentimento final foi escolhido como positivo, pois o texto expressa entusiasmo e apreciação pela disciplina de programação, sem apresentar críticas ou aspectos desfavoráveis.
UFSC-EMB5648_01606-2025-1-1;Estou satisfeito, professor e muito atencioso e explica muito bem.;Positiva;O sentimento final foi escolhido como Positiva porque o texto expressa satisfação e elogios ao professor.
UFSC-EMB5648_01606-2025-1-1;Estou gostando bastante da disciplina e das atividades práticas, bem como também o método de ensino. Porém tenho um pouco de receio, pois não tenho tanto conhecimento acerca das ferramentas utilizadas no computador, mas sei que estudando bastante, tudo dará certo.;Misto;O texto expressa satisfação com a disciplina e o método de ensino, mas também revela insegurança em relação ao conhecimento das ferramentas, resultando em um sentimento misto.
UFSC-EMB5648_01606-2025-1-1;Como estou fazendo essa disciplina novamente, imagino que eu possa entender ela 100% para avançar para sua continuidade.;Neutra;O texto expressa uma expectativa sobre o entendimento da disciplina, sem apresentar sentimentos claramente positivos ou negativos.
UFSC-EMB5648_01606-2025-1-1;Estou satisfeito com o modo de ensino da disciplina.;Positiva;O sentimento final foi escolhido como positivo porque expressa satisfação com o ensino da disciplina.
UFSC-EMB5648_01606-2025-1-1;Não tenho muito interesse na área da programação;Negativa;O sentimento final foi escolhido como negativo porque a frase expressa falta de interesse, o que é uma crítica à área da programação.
UFSC-EMB5648_01606-2025-1-1;Estou gostando bastante das aulas, apesar de as vezes encontrar dificuldades na prática do conteúdo teórico.;Misto;O sentimento final foi escolhido como Misto porque há uma expressão de satisfação com as aulas, mas também uma menção a dificuldades enfrentadas.
UFSC-EMB5648_01606-2025-1-1;Tenho algumas dificuldades no quesito de interpretação dentro da logica de programação e isso dificulta muito durante a elaboração de um programa ou sistema, porem deixando de um lado essa dificuldade o professor tem uma boa didática e uma otima explicação do conteúdo.;Misto;O texto apresenta tanto dificuldades na interpretação da lógica de programação quanto elogios à didática do professor, resultando em um sentimento misto.
UFSC-EMB5648_01606-2025-1-1;Por enquanto ainda estou me familiarizando com o assunto, nunca entendi muito bem sobre computadores, mas ao mesmo tempo acho muito interessante, e estou correndo atrás para aprender o conteúdo.;Misto;O sentimento final foi escolhido como Misto porque há uma combinação de frustração em relação à dificuldade de entender o assunto e uma atitude positiva em querer aprender mais.
UFSC-EMB5648_01606-2025-1-1;Ansiedade;Negativa;O sentimento final foi escolhido como negativo porque a palavra 'ansiedade' geralmente está associada a um estado emocional desfavorável.
UFSC-EMB5648_01606-2025-1-1;Satisfeito e entusiasmado, porém com um pouco de dificuldades ainda pois nunca tive contato com a programação. Mas sendo bem sincero, estou gostando das aulas por enquanto e também estou gostando de aprender mais sobre os computadores.;Misto;O sentimento final foi escolhido como 'Misto' porque o estudante expressa satisfação e entusiasmo, mas também menciona dificuldades com a programação.
UFSC-EMB5648_01606-2025-1-1;Está sendo boa até agora com os conceitos mais simples.;Positiva;O sentimento final foi escolhido como positivo porque a frase expressa satisfação com a experiência até o momento.
UFSC-EMB5648_01601_01604-2025-1-1;Os professores estão explicando bem a disiplina.;Positiva;O sentimento final foi escolhido como positivo porque a frase expressa satisfação com a forma como os professores estão explicando a disciplina.
UFSC-EMB5648_01601_01604-2025-1-1;De vez em quando sinto alguma dificuldade para realizar os exercícios propostos, mas o aprendizado está ocorrendo bem.;Misto;O sentimento final foi escolhido como Misto porque há uma expressão de dificuldade, mas também um reconhecimento de que o aprendizado está acontecendo de forma positiva.
UFSC-EMB5648_01601_01604-2025-1-1;Estou gostando da disciplina e dos professores, sinto que estão ajudando e ajudando com as dúvidas;Positiva;O sentimento final foi escolhido como positivo, pois o estudante expressa satisfação com a disciplina e o apoio dos professores.
UFSC-EMB5648_01601_01604-2025-1-1;"Tipo tem algumas coisas que não faz sentido tipo &quot;da uma prova sobre computador simplificado&quot; hoje em dia nem usamos mas isso , e precisamos estudar ainda sobre e apreender para prova";Misto;O texto expressa uma crítica sobre a relevância do conteúdo estudado, mas não apresenta elementos positivos, resultando em um sentimento misto.
UFSC-EMB5648_01601_01604-2025-1-1;Em relação à disciplina de programação, sinto-me satisfeito. Até o momento, as aulas têm sido produtivas e enriquecedoras até agora. A didática do professor, aliada aos exercícios práticos junto com os vídeo que o professsor deixou no moodle, tem me ajudado a compreender os conceitos e a desenvolver habilidades de programação de forma eficaz. A matéria da disciplina é bastante interessante mas dependendo somente das aulas teóricas tornou se difícil compreender devido ao volume de voz do professor, para minha experiência como estrangeiro não tem sido fácil me enquadrar porém para entender alguns conceitos tenho recorrido aos vídeos.;Misto;O sentimento final foi escolhido como 'Misto' devido à presença de aspectos positivos sobre as aulas e a didática do professor, mas também críticas em relação à dificuldade de compreensão e adaptação.
UFSC-EMB5648_01601_01604-2025-1-1;As aulas estão sendo interessantes, a única coisa que não estou gostando/visualizando é a correlação entre o que vimos até agora e a linguagem C, acredito que seria interessante se tivesse explicações durante a aula do uso do que vimos na linguagem que estudaremos.;Misto;O sentimento final foi escolhido como Misto porque há uma apreciação pelas aulas, mas também uma crítica sobre a falta de correlação com a linguagem C.
UFSC-EMB5648_01601_01604-2025-1-1;"Estou tendo muita dificuldade com a programação, eu consigo entender a lógica, mas na hora de por em prática eu tenho dificuldade por que eu tenho que &quot;limitar&quot; a minha lógica para caber dentro das operações ou códigos da linguagem de programação";Misto;O texto expressa tanto uma dificuldade significativa com a programação quanto um reconhecimento da compreensão da lógica, resultando em sentimentos mistos.
UFSC-EMB5648_01601_01604-2025-1-1;Professores bons que entendem da matéria e tiram as duvidas dos alunos. Aulas dinâmicas com bastante conteúdo mas muito bem aproveitadas, dando tempo de explicar todo o conteúdo proposto para aquela aula;Positiva;O sentimento final foi escolhido como positivo, pois o texto destaca várias qualidades favoráveis sobre os professores e as aulas.
UFSC-EMB5648_01601_01604-2025-1-1;Bem, está no início, então estou considerando que mais elementos de progamacão estão por vir, mesmo que o sistema atual para programação(computador simplificado) não seja o melhor para iniciantes;Misto;O texto expressa uma expectativa positiva em relação ao futuro da programação, mas também critica o sistema atual, resultando em sentimentos mistos.
UFSC-EMB5648_01601_01604-2025-1-1;Me anima muito por ser uma área que eu sempre quis aprender.;Positiva;O sentimento final foi escolhido como positivo porque expressa entusiasmo e desejo de aprender sobre a área mencionada.
UFSC-EMB5648_01601_01604-2025-1-1;De modo geral, me sinto satisfeita e condiz com o que me foi apresentado por opiniões externas. Entretanto, como não tenho interesse na área de programação preciso de um estimulo maior para me concentrar nas aulas. Talvez aulas mais dinâmicas e em um ritmo mais rápido, mas ao mesmo tempo detalhado.;Misto;O texto apresenta sentimentos positivos sobre a satisfação com o conteúdo, mas também expressa frustração com a falta de interesse e a necessidade de estímulos nas aulas.
UFSC-EMB5648_01601_01604-2025-1-1;meio perdida mas é uma disciplina interessante;Misto;O sentimento final foi escolhido como Misto porque a estudante expressa uma frustração ao se sentir perdida, mas também reconhece que a disciplina é interessante.
UFSC-EMB5648_01601_01604-2025-1-1;Eu sinto que essa disciplina realmente ajuda muito na parte de raciocínio logico e também acredito ser importante aprender linguagens de programação para ser um bom profissional, pretendo seguir com esse curso e fazer programação 2 e 3 para melhor como um programador.;Positiva;O sentimento final foi escolhido como positivo, pois o texto expressa satisfação e a importância da disciplina para o desenvolvimento profissional do estudante.
UFSC-EMB5648_01601_01604-2025-1-1;Satisfeito com a disciplina, conjunto com outras matérias em conjunto desta para resolução de problemas matemáticos.      Curioso para descobrir o que poderá agregar ao currículo.;Positiva;O sentimento final foi escolhido como positivo devido à satisfação expressa com a disciplina e a curiosidade sobre seu impacto no currículo.
UFSC-EMB5648_01601_01604-2025-1-1;Estou satisfeita com meu desempenho e o desenvolvimento das aulas.;Positiva;O sentimento final foi escolhido como positivo porque a estudante expressa satisfação com seu desempenho e o desenvolvimento das aulas.
UFSC-EMB5648_01601_01604-2025-1-1;Nunca tive afinidade com programação, então tenho um pouco de dificuldade com essa disciplina mas as aulas estão sendo bem didáticas, mesclando teoria com a pratica, o que ajuda ter um melhor rendimento na disciplina.;Misto;O sentimento final foi escolhido como 'Misto' porque o texto expressa tanto dificuldades com a disciplina quanto aspectos positivos sobre a didática das aulas.
UFSC-EMB5648_01601_01604-2025-1-1;Bem, estou gostando da metodologia de ensino, com a distribuição entre dois professores de aulas práticas e teóricas. As aulas também estão sendo boas, com boas explicações.;Positiva;O sentimento final foi escolhido como positivo devido à expressão de satisfação com a metodologia e a qualidade das aulas.
UFSC-EMB5648_01601_01604-2025-1-1;Me sinto um pouco ansioso e curioso ao mesmo tempo, mas no geral me sinto bem em relação a disciplina programação.;Misto;O sentimento final foi escolhido como Misto porque há uma combinação de ansiedade (negativo) e uma sensação geral de bem-estar (positivo) em relação à disciplina.
UFSC-EMB5648_01601_01604-2025-1-1;Nesse momento de introdução às disciplinas, acredito que a programação tem sido bem interessante e cativante pra mim, visto que desde sempre fui interessado pela área. Então foi como reunir o útil ao agradável.;Positiva;O sentimento final foi escolhido como Positiva, pois o texto expressa entusiasmo e interesse pela disciplina de programação, sem apresentar críticas ou aspectos desfavoráveis.
UFSC-EMB5648_01601_01604-2025-1-1;ainda não tenho uma opinião 100% formada, mas ate aqui me sinto integrado a disciplina corretamente e consigo compreender os assuntos tornando a experiencia de certa forma boa apesar do nervosismo.;Misto;O sentimento final foi escolhido como Misto porque há aspectos positivos sobre a integração e compreensão, mas também menciona a falta de uma opinião formada e o nervosismo.
UFSC-EMB5648_01601_01604-2025-1-1;Me sinto empolgado em aprender sobre diferentes linguagens de programação e como elas podem me ajudar no mercado de trabalho;Positiva;O sentimento final foi escolhido como positivo porque o estudante expressa empolgação e uma visão favorável sobre o aprendizado de linguagens de programação e suas aplicações no mercado de trabalho.
UFSC-EMB5648_01601_01604-2025-1-1;Diria que no momento não me sinto atraído ou com repulsa, preciso de mais tempo para ver se gosto da matéria.;Neutra;O texto expressa uma falta de atração e repulsa, mas não apresenta sentimentos claros positivos ou negativos, apenas uma necessidade de tempo para avaliação.
UFSC-EMB5648_01601_01604-2025-1-1;Gosto da disciplina, era exatamente oque eu estava procurando quando resolvi me inscrever no curso;Positiva;O sentimento final foi escolhido como positivo porque o estudante expressa satisfação e alinhamento com suas expectativas em relação à disciplina.
UFSC-EMB5648_01601_01604-2025-1-1;Muito empolgado por dar início em algo do qual me interesso e com muitas pessoas extremamente empenhadas em me ensinar e ajudar.;Positiva;O sentimento final foi escolhido como positivo devido à empolgação e ao apoio das pessoas mencionadas no texto.
UFSC-EMB5648_01601_01604-2025-1-1;estou gostando das aulas;Positiva;O sentimento final foi escolhido como positivo porque a frase expressa satisfação em relação às aulas.
UFSC-EMB5648_01601_01604-2025-1-1;Estou gostando, espero conseguir me dar bem;Positiva;O sentimento final foi escolhido como positivo porque a frase expressa satisfação com a situação atual.
UFSC-EMB5648_01601_01604-2025-1-1;Um tanto quanto perdido, mas vou ter que correr atrás.;Misto;O texto expressa uma sensação de confusão, mas também uma determinação para melhorar a situação.
UFSC-EMB5648_01601_01604-2025-1-1;no inicio estou relembrando algumas coisas.;Neutra;O texto apresenta uma descrição de uma atividade sem expressar emoções positivas ou negativas claras.
UFSC-EMB5648_01601_01604-2025-1-1;bem;Positiva;O termo 'bem' indica um sentimento positivo, sugerindo satisfação ou aprovação.
UFSC-EMB5648_01601_01604-2025-1-1;Estou sentido que vou aprender muito com ela e me parece que vai ser uma experiencia legal;Positiva;O sentimento final foi escolhido como positivo porque o estudante expressa expectativa de aprendizado e uma experiência agradável.
UFSC-EMB5648_01601_01604-2025-1-1;A disciplina é interessante e os professores têm ótimas explicações.;Positiva;O texto expressa apenas aspectos favoráveis sobre a disciplina e os professores, sem críticas ou aspectos desfavoráveis.
UFSC-EMB5648_01601_01604-2025-1-1;Até então não há nada a reclamar. A disciplina está progredindo em um bom ritmo, as explicações sobre o conteúdo estão sendo claras, diretas e eficientes.;Positiva;O sentimento final foi escolhido como positivo, pois o texto destaca aspectos favoráveis sobre a disciplina e as explicações, sem apresentar críticas ou insatisfações.
UFSC-EMB5648_01601_01604-2025-1-1;ainda nao sei como responder a essa pergunta;Neutra;A frase expressa uma incerteza sem apresentar sentimentos positivos ou negativos claros.
CATOLICA-Prog-Web-A-2025-1-1;Eu gosto muito da disciplina, achei uma boa ideia deixar livre aos alunos a escolha da tecnologia que vão aprender.;Positiva;O texto expressa satisfação e elogios em relação à disciplina e à liberdade de escolha dos alunos, sem apresentar críticas ou aspectos desfavoráveis.
CATOLICA-Prog-Web-A-2025-1-1;"Acredito que é uma boa oportunidade para mostrarmos aquilo que aprendemos até aqui, uma disciplina que, de fato, nos obriga a por a ""mão na massa"" e trabalhar bastante.";Positiva;O sentimento final foi escolhido como positivo devido à ênfase em oportunidades de aprendizado e a motivação para o trabalho prático.
CATOLICA-Prog-Web-A-2025-1-1;Meio perdido, mas é assim que funciona acredito, depende muito do esforço do aluno;Misto;O texto expressa uma sensação de confusão, mas também reconhece a importância do esforço do aluno, resultando em sentimentos mistos.
CATOLICA-Prog-Web-A-2025-1-1;a faculdade passa muitos trabalhos ao mesmo tempo, e todo mundo tem outros trabalhos pra fazer em casa, como estou me sentindo? sufocado como sempre;Misto;O texto expressa uma crítica à carga de trabalho da faculdade, ao mesmo tempo que menciona uma situação comum entre os estudantes, resultando em sentimentos mistos.
CATOLICA-Prog-Web-A-2025-1-1;Sinto que estou desenvolvendo meu conhecimento com outras linguagens;Positiva;O texto expressa uma sensação de progresso e aprendizado, o que é um aspecto favorável.
CATOLICA-Prog-Web-A-2025-1-1;Estou satisfeito com a dinâmica proposta, porém estou enfrentando muitas dificuldades na execução do projeto, principalmente devido à forma como o curso é conduzido e à sua grade curricular. O curso nos leva por diversos caminhos de aprendizado, mas carece de um foco mais claro e progressivo, dificultando a construção de um raciocínio contínuo. Falta uma abordagem que ajude o aluno a entender a conexão entre os conhecimentos apresentados, o que compromete a interpretação sobre como as tecnologias e as lógicas de programação se integram e interagem de forma prática e aplicada.;Misto;O sentimento final foi escolhido como 'Misto' porque o texto expressa tanto satisfação com a dinâmica do curso quanto críticas significativas sobre a execução e a estrutura do mesmo.
CATOLICA-Prog-Web-A-2025-1-1;bem promissora, estou gostando bastante;Positiva;O sentimento final foi escolhido como positivo porque o texto expressa satisfação e uma expectativa favorável.
CATOLICA-Prog-Web-A-2025-1-1;Estou gostando bastante da disciplina de Programação Web! Acho legal a forma como o conteúdo é abordado e consigo aprender bem pesquisando e desenvolvendo projetos. A prática tem sido essencial para fixar o conhecimento e melhorar minhas habilidades.;Positiva;O sentimento final foi escolhido como positivo, pois o texto expressa satisfação e elogios em relação à disciplina e ao método de ensino.
CATOLICA-Prog-Web-A-2025-1-1;Satisfeito;Positiva;O sentimento final foi escolhido como Positiva porque a palavra 'satisfeito' expressa uma satisfação clara e favorável.
CATOLICA-Prog-Web-B-2025-1-1;Bem, estou feliz com a atividade onde a gente tem total liberdade pra escolher as ferramentas e ir desenvolvendo nossos conhecimentos e a forma de gerenciar o desenvolvimento de um projeto.;Positiva;O sentimento final foi escolhido como positivo devido à expressão de felicidade e satisfação com a atividade e a liberdade oferecida.
CATOLICA-Prog-Web-B-2025-1-1;Bom, porém, meio complicado o desenvolvimento das atividades da materia em ter que desenvolver outra aplicação em paralelo com a aplicação do PAC, o que toma muito tempo no desenvolvimento de 2 aplicações em paralelo.;Misto;O texto apresenta um elogio inicial, mas também expressa frustração com a complexidade e o tempo exigido para o desenvolvimento das atividades.
CATOLICA-Prog-Web-B-2025-1-1;Materia pouco abordada, deixada apenas como um trabalho. Faltando abordar melhor recursos, UI, entre outros fatores que poderiam ser abordados em sala de aula a nível teórico;Negativa;O sentimento final foi escolhido como negativo devido às críticas sobre a abordagem da matéria e a falta de conteúdo teórico em sala de aula.
CATOLICA-Prog-Web-B-2025-1-1;realmente satisfeita com a estratégia de ensino e prática da disciplina.;Positiva;O sentimento final foi escolhido como positivo porque a frase expressa satisfação com a estratégia de ensino e a prática da disciplina, sem apresentar críticas ou aspectos desfavoráveis.
CATOLICA-Prog-Web-B-2025-1-1;bem;Positiva;O termo 'bem' indica um sentimento positivo, sugerindo satisfação ou aprovação.
CATOLICA-Prog-Web-B-2025-1-1;"Satisfeito. Acho que se ele tivesse feito um projeto pequeno pra gente fazer junto dele antes de dar uma atividade seria mais interessante pra quem não conhece nenhum framework, mas estou gostando de desenvolver o sistema mesmo assim.
Seria legal se ele tivesse passado assuntos como routing, stores e criação de componentes/views, ou mostrado a diferença entre um framework e outro.";Misto;O texto expressa satisfação com o desenvolvimento do sistema, mas também apresenta críticas sobre a falta de um projeto inicial e a ausência de certos conteúdos.
CATOLICA-Prog-Web-B-2025-1-1;Muito bem, me sinto livre para aprender novas tecnologias e recebendo apoio pra isso.;Positiva;O sentimento final foi escolhido como positivo porque o texto expressa satisfação e apoio no aprendizado de novas tecnologias.
CATOLICA-Prog-Web-B-2025-1-1;bem;Positiva;O termo 'bem' indica um sentimento positivo, sugerindo satisfação ou aprovação.
CATOLICA-Prog-Web-B-2025-1-1;Me sinto muito feliz, pois o professor nos deixa com um liberdade muito boa em relação a linguagem e questão de trabalhar no projeto em cada é excelente em minha opinião.;Positiva;O sentimento final foi escolhido como positivo, pois o texto expressa satisfação e elogios em relação à liberdade e à qualidade do trabalho no projeto.
CATOLICA-Prog-Web-B-2025-1-1;É uma disciplina que já deveríamos ter tido há muito tempo, pois apresenta fundamentos essenciais pro curso em geral.;Positiva;O sentimento final foi escolhido como Positiva, pois destaca a importância da disciplina para o curso, apesar de mencionar um atraso na sua implementação.
CATOLICA-Prog-Web-B-2025-1-1;Muito bem;Positiva;O sentimento final foi escolhido como positivo porque a expressão 'Muito bem' indica satisfação ou aprovação.
CATOLICA-Prog-Web-B-2025-1-1;O sentimento é positivo e acredito que está na direção certa pois o planejamento das aulas instiga os alunos a melhorar as suas habilidades na matéria.;Positiva;O sentimento final foi escolhido como positivo, pois a declaração enfatiza aspectos favoráveis sobre o planejamento das aulas e seu impacto nas habilidades dos alunos.
CATOLICA-Prog-Web-B-2025-1-1;Muito satisfeito;Positiva;O sentimento final foi escolhido como positivo porque a expressão 'muito satisfeito' indica uma forte satisfação.
CATOLICA-Prog-Web-B-2025-1-1;Achei a proposta bastante interessante, mas senti falta de receber orientações do professor, como aprender juntos sobre um novo framework ou algo do tipo. É difícil aprender esse tipo de coisa do 0, por isso minha sugestão de melhoria seria que, no futuro, houvesse um acompanhamento mais próximo ou um conteúdo específico para a matéria que fosse ensinado a todos.;Misto;O texto apresenta um elogio à proposta, mas também expressa críticas sobre a falta de orientações e a dificuldade de aprendizado, resultando em sentimentos mistos.
CATOLICA-Prog-Web-B-2025-1-1;Estou animada, pois estou aprendendo React, depois pretendo aprofundar meus conhecimentos em spring boot.;Positiva;O sentimento final foi escolhido como Positiva porque a estudante expressa animação e interesse em aprender novas tecnologias.
CATOLICA-Prog-Web-B-2025-1-1;Estou gostando muito da didática do professor que nos dá autonomia para fazer o trabalho e vai nos guiando em dúvidas pontuais. Se torna mais produtivo cada um indo no seu ritmo. O professor está de parabéns pela didática até aqui.;Positiva;O sentimento final foi escolhido como positivo devido à ênfase em aspectos favoráveis da didática do professor e a satisfação expressa pelo estudante.
CATOLICA-Prog-Web-B-2025-1-1;Até o momento a disciplina vem se mostrando muito importante para o desenvolvimento dos estudantes, tanto em relação ao curso, quanto na parte profissional. Me sinto satisfeito em relação à disciplina.;Positiva;O texto expressa satisfação e a importância da disciplina, sem apresentar críticas ou aspectos desfavoráveis.
UFSC-EMB5600_01602_01605-2025-1-2;Estou gostando da disciplina, está até o devido momento atendendo todas as expectativas, e sendo capaz de ensinar o conteúdo de forma clara, e garantindo a obtenção de conhecimentos nos âmbitos teóricos e práticos do conteúdo.;Positiva;O sentimento final foi escolhido como Positiva, pois o texto expressa satisfação e elogios em relação à disciplina e ao ensino do conteúdo.
UFSC-EMB5600_01602_01605-2025-1-2;Extremamente satisfeito.;Positiva;O sentimento final foi escolhido como positivo porque a frase expressa uma forte satisfação sem qualquer crítica ou aspecto desfavorável.
UFSC-EMB5600_01602_01605-2025-1-2;Gosto da dinâmica das aulas e de como o conteúdo está sendo ensinado. Único problema até o momento foi a correção automática dos VPLs, que não aceitou a forma que eu desenvolvi os códigos, então tive que mudar.  Acho que a forma de programar é singular de cada um, e esse tipo de atividade induz ao uso de ferramentas externas pois não aceita qualquer forma de resposta. Fora isso, as aulas estão ótimas e está funcionando bem para mim.;Misto;O sentimento final foi escolhido como Misto porque o texto apresenta tanto aspectos positivos sobre as aulas quanto críticas em relação à correção automática dos VPLs.
UFSC-EMB5600_01602_01605-2025-1-2;estou muitio insatisfeito porque me sinto muito perdido na disciplina e sinto que sou o única que esta sem aprender a matéria e não sei como reverter essa situação.;Negativa;O sentimento final foi escolhido como Negativa, pois o texto expressa insatisfação e frustração em relação à disciplina e ao aprendizado.
UFSC-EMB5600_01602_01605-2025-1-2;Eu particularmente estou me sentindo um pouco apático, por conta de eu já ter previamente visto o conteúdo passado em aula, entretanto a maneira com qual ela está sendo ensinada aparenta ser boa, e em um nível e velocidades adequados.;Misto;O sentimento final foi escolhido como 'Misto' porque há uma combinação de apatia e críticas ao conteúdo já conhecido, mas também elogios à forma de ensino.
UFSC-EMB5600_01602_01605-2025-1-2;Em geral estou me sentido bem, mas tem vezes que não consigo acompanhar o ritmo na sala de aula em assuntos mais ou menos complexos... a questão de programar em C também não ajuda não, já que particularmente acho C muito complexo...;Misto;O texto expressa um sentimento positivo inicial, mas também apresenta críticas e frustrações em relação ao acompanhamento das aulas e à complexidade da programação em C.
UFSC-EMB5600_01602_01605-2025-1-2;As aulas despertaram em mim um interesse maior por programação, que não havia antes. Mesmo que eu goste, estou tendo uma maior dificuldade na linguagem C comparado ao início do semestre, mas isso é por falta de dedicação minha, não pelas aulas. Gosto muito das aulas, mesmo sendo algo muito abstrato, a professora torna compreensível.;Misto;O texto apresenta sentimentos positivos em relação ao interesse e à qualidade das aulas, mas também menciona dificuldades, resultando em uma classificação mista.
UFSC-EMB5600_01602_01605-2025-1-2;muito bem, nunca tinha visto prog na vida e aprendi com super facilidade;Positiva;O sentimento final foi escolhido como Positiva porque o estudante expressa satisfação ao aprender programação com facilidade.
UFSC-EMB5600_01602_01605-2025-1-2;Aulas tem sido praticas e uteis, cobrindo bem os conceitos necessarios da programacao em C.;Positiva;O texto expressa satisfação com as aulas, destacando sua praticidade e utilidade.
UFSC-EMB5600_01602_01605-2025-1-2;Boa didática, bom material e bom suporte, muito satisfeito.;Positiva;O sentimento final foi escolhido como positivo devido à presença de elogios e satisfação expressa pelo estudante em relação à didática, material e suporte.
UFSC-EMB5600_01602_01605-2025-1-2;Estou achando realmente interessante e estou muito satisfeita com o andamento das aulas. Eu não sabia nada sobre programação e mesmo assim não estou sentindo dificuldades. E a prof Tati é uma querida.;Positiva;O sentimento final foi escolhido como positivo devido à expressão de satisfação e apreciação em relação às aulas e à professora.
UFSC-EMB5600_01602_01605-2025-1-2;Confortável;Positiva;O sentimento final foi escolhido como positivo porque a palavra 'confortável' expressa uma avaliação favorável.
UFSC-EMB5600_01602_01605-2025-1-2;muito bem, tive dificuldade no começo (com o computador simplificado e o pseudocodigo), mas quando entrou em C ficou bem mais simples de compreender, apesar deste ser meu primeiro contato com programação. Estou gostando bastante, penso em fazer prog II no proximo semestre (ou no começo do ano que vem).;Misto;O texto apresenta tanto dificuldades iniciais quanto uma satisfação crescente com o aprendizado, resultando em um sentimento misto.
UFSC-EMB5600_01602_01605-2025-1-2;Intrigado em relação aos conteúdos  que vem futuramente.;Neutra;O texto expressa uma curiosidade sobre conteúdos futuros, sem apresentar uma carga emocional positiva ou negativa.
UFSC-EMB5600_01602_01605-2025-1-2;Simples de entender, e por enquanto estou achando fácil;Positiva;O sentimento final foi escolhido como positivo porque o estudante expressa satisfação com a facilidade de entendimento do conteúdo.
UFSC-EMB5600_01602_01605-2025-1-2;O andamento do conteúdo programático está muito confortável e a didática extremamente boa!;Positiva;O texto expressa satisfação com o andamento do conteúdo e a didática, sem apresentar críticas ou aspectos desfavoráveis.
UFSC-EMB5600_01602_01605-2025-1-2;Definitivamente o nível da disciplina deu um pulo grande no nível de dificuldade. Ainda estou bem satisfeita com a disciplina, mas só acho q podia ser um pouco menos acelerada. Sinto as vezes que as explicações estão muito corridas e fica um pouco complicado de entender.;Misto;O sentimento final foi escolhido como Misto porque há uma satisfação com a disciplina, mas também críticas em relação à dificuldade e ao ritmo das explicações.
UFSC-EMB5600_01602_01605-2025-1-2;Estou muito satisfeito com a disciplina e com a condução das aulas pela professora Tatiana, uma professora que ensina o conteúdo de forma didática e que é muito atenciosa com os alunos.;Positiva;O sentimento final foi escolhido como positivo devido à satisfação expressa em relação à disciplina e à professora, sem qualquer crítica ou aspecto desfavorável.
UFSC-EMB5600_01602_01605-2025-1-2;Estou satisfeito com a disciplina de programação, pois a professora ensina de forma muito didática e clara.;Positiva;O sentimento final foi escolhido como positivo devido à satisfação expressa com a disciplina e a qualidade do ensino da professora.
UFSC-EMB5600_01602_01605-2025-1-2;Estou me sentindo muito satisfeito. Os professores oferecem um ótimo apoio e estão sempre a disposição para tirar as dúvidas, além disso contamos com os monitores que estão sempre ajudando nas atividades.;Positiva;O sentimento final foi escolhido como Positiva, pois o texto expressa satisfação e elogios em relação ao apoio dos professores e monitores.
UFSC-EMB5600_01602_01605-2025-1-2;A professora tati é sem duvidas mais que capacitada para dar aulas, além de ser muito querida e realmente se importar com o aprendizado dos alunos. Todavia, talvez por ter uma dificuldade prévia em mexer com computadores e estar tendo dificuldades na matéria, sinto que o assunto é muito extenso para a quantidade de aulas e tempo que temos.;Misto;O texto apresenta elogios à professora, mas também expressa frustrações em relação à dificuldade da matéria e à quantidade de aulas, resultando em um sentimento misto.
UFSC-EMB5600_01602_01605-2025-1-2;me sinto bem, porém estou com dificuldade para memorizar tudo o que é ensinado;Misto;O sentimento final foi escolhido como Misto porque há uma expressão de bem-estar, mas também uma crítica sobre a dificuldade de memorização.
UFSC-EMB5600_01602_01605-2025-1-2;Minha relação sobre a disciplina avançou quando entro matrizes e strings. Percebi que melhorou porque as aulas ficaram um pouco mais desafiadoras,por conta das vpls e isso me deixou um pouco mais satisfeito com o progresso na disciplina.;Positiva;O sentimento final foi escolhido como Positiva porque o texto expressa satisfação com o progresso na disciplina e o desafio das aulas.
UFSC-EMB5600_01602_01605-2025-1-2;Estou gostando de Prog, mas tenho uma certa dificuldade com a disciplina.;Misto;O sentimento final foi escolhido como Misto porque há uma expressão de satisfação com a disciplina, mas também uma menção a dificuldades enfrentadas.
UFSC-EMB5600_01602_01605-2025-1-2;estou animado aprendendo C;Positiva;O sentimento final foi escolhido como positivo porque expressa animação e entusiasmo em relação ao aprendizado da linguagem C.
UFSC-EMB5600_01602_01605-2025-1-2;estou me sentindo bem, conseguindo entender bastante;Positiva;O sentimento final foi escolhido como positivo porque o texto expressa satisfação e uma boa compreensão do conteúdo.
UFSC-EMB5600_01602_01605-2025-1-2;Gosto muito de como as aulas são ministradas e também da subdivisão da teoria e prática, porque se aprende muito fazendo.;Positiva;O sentimento final foi escolhido como positivo, pois o texto expressa satisfação com a forma como as aulas são conduzidas e a metodologia de ensino.
UFSC-EMB5600_01602_01605-2025-1-2;Sinto que estou aprendendo muito devido á maneira de explicar da professora, eu gosto da disciplina.;Positiva;O sentimento final foi escolhido como positivo porque o texto expressa satisfação com o aprendizado e a forma de ensino da professora.
UFSC-EMB5600_01602_01605-2025-1-2;"Não sabia um &quot;a&quot; de C e agora estou sabendo bem. Professora boa👍.";Positiva;O sentimento final foi escolhido como Positiva porque o estudante expressa satisfação com o aprendizado e elogia a professora.
UFSC-EMB5600_01602_01605-2025-1-2;Estou gostando bastante do conteúdo da disciplina, além de que a metodologia de ensino passada pela prof. Tatiana tem sido de boa para a absorção dos conteúdos.;Positiva;O sentimento final foi escolhido como Positiva, pois o estudante expressa satisfação com o conteúdo e a metodologia de ensino.
UFSC-EMB5600_01602_01605-2025-1-2;a disciplina é muito interessante, com assuntos diferentes que nunca tinha visto. Os conteúdos não são tão pesados em relação a dificuldade e quantidade mas agregam bastante aprendizado.;Positiva;O sentimento final foi escolhido como Positiva, pois a maioria dos trechos expressa satisfação e interesse, apesar de uma leve crítica sobre a dificuldade dos conteúdos.
UFSC-EMB5600_01602_01605-2025-1-2;As aulas são muito boas, a organização de ser a primeira aula da semana de conteúdo e a segunda aula de laboratório faz com que coloquemos em prática rapidamente o que aprendemos, a liberdade da segunda aula também ajuda muito nesse quesito. A professora também se mostra sempre disponivel para ajudar e tirar dúvidas assim como os monitores.;Positiva;O texto expressa apenas sentimentos positivos em relação às aulas e à professora, sem apresentar críticas ou aspectos desfavoráveis.
UFSC-EMB5600_01602_01605-2025-1-2;Estou me sentindo relativamente bem, está começando os conteúdos estão começando a ficar um pouco mais complexos e eu percebi que preciso dedicar mais tempo para estudar programação, porém nada fora do comum até o momento. No geral, estou achando muito interessante, mas difícil também, pois nunca tive experiência prévia nesse assunto.;Misto;O sentimento final foi escolhido como Misto porque o estudante expressa tanto satisfação com o conteúdo interessante quanto dificuldades com a complexidade e a necessidade de mais dedicação.
UFSC-EMB5600_01602_01605-2025-1-2;Tanto a disciplina quanto o curso são bem melhores do que eu achava!;Positiva;O sentimento final foi escolhido como Positiva porque a frase expressa uma satisfação em relação à disciplina e ao curso, superando as expectativas do estudante.
UFSC-EMB5600_01602_01605-2025-1-2;está muito bom, aprendendo muito.;Positiva;O sentimento final foi escolhido como Positiva porque o texto expressa satisfação e aprendizado, sem apresentar críticas ou aspectos desfavoráveis.
UFSC-EMB5600_01602_01605-2025-1-2;Não tenho muita afinidade com programação mas as aulas são boas e permitem desenvolver um raciocínio prático;Misto;O sentimento final foi escolhido como Misto porque o estudante expressa uma falta de afinidade com a programação, mas também elogia as aulas e seu impacto positivo no desenvolvimento do raciocínio.
UFSC-EMB5600_01602_01605-2025-1-2;Gosto muito da disciplina e das aulas, sempre gostei de lógica e programação tem se mostrado divertido;Positiva;O sentimento final foi escolhido como positivo porque o texto expressa satisfação e prazer em relação à disciplina e às aulas.
UFSC-EMB5600_01602_01605-2025-1-2;estamos aprendendo mais coisas práticas de programação e tivemos a primeira prova e fui mal nela, tentarei melhorar na próxima, mas estou decepcionado comigo mesmo em relação a essa disciplina;Misto;O sentimento final foi escolhido como 'Misto' porque o estudante expressa tanto satisfação com o aprendizado prático quanto frustração com seu desempenho na prova.
UFSC-EMB5600_01602_01605-2025-1-2;Confortável!;Positiva;O sentimento final foi escolhido como positivo porque a palavra 'confortável' expressa satisfação e um aspecto favorável.
UFSC-EMB5600_01602_01605-2025-1-2;A disciplina é muito importante para compreender a logica da programação, além de ser essencial para a proxima materia da grade de naval que seria Calculo Numerico. Para quem faz a materia e acaba gostando, a universidade abre muitas oportunidades para essa area, na naval mesmo temos o Laboratorio do Prof Pontin que faz projetos alguns projetos para a petrobrás mais focado em computação de alta performace, teve ate bolsa de IC há um tempo atrás. Mas para mim que sofro um pouco com programação, só quero ser aprovado na materia e nao reprovar de novo;Misto;O sentimento final foi escolhido como 'Misto' porque o texto apresenta tanto aspectos positivos sobre a disciplina e oportunidades quanto uma frustração pessoal em relação à dificuldade com programação.
UFSC-EMB5600_01602_01605-2025-1-2;Em relação à disciplina como eu tive pouco contato com programação, está sendo algo novo e bastante interessante aprender os conteúdos, um pouco de dificuldade mas com foco em entender os materiais.;Misto;O texto expressa tanto um aspecto positivo sobre o aprendizado interessante quanto uma dificuldade enfrentada, resultando em um sentimento misto.
UFSC-EMB5600_01602_01605-2025-1-2;Muito show, aulas boas e bem explicadas.;Positiva;O texto expressa satisfação e elogios em relação às aulas, sem apresentar críticas ou aspectos desfavoráveis.
UFSC-EMB5600_01602_01605-2025-1-2;Estou gostando, acho interessante o que estamos aprendendo e as aulas estão em um ritmo bom.;Positiva;O sentimento final foi escolhido como positivo, pois o texto expressa satisfação e apreciação em relação ao aprendizado e ao ritmo das aulas.
UFSC-EMB5600_01602_01605-2025-1-2;Tenho tido dificuldade quanto ao acompanhamento das aulas pois tenho que dividir meu tempo de estudo com meu trabalho.       Ha poucos dias pedi desligamento para focar nas aulas, porém com o calendário acadêmico acredito que seja tarde de mais para recuperar o semestre.;Misto;O texto apresenta um aspecto positivo sobre a decisão de se desligar do trabalho para focar nas aulas, mas também expressa frustração e dificuldades em relação ao acompanhamento das aulas e ao calendário acadêmico.
UFSC-EMB5648_01606-2025-1-2;Desmotivada, mas seguindo em frente. Talvez eu esteja acostumada com outra forma de didática, porque o ritmo era outro onde eu estudava programação. Tenho certeza que o problema é comigo.;Misto;O texto expressa desmotivação e autocrítica, mas também menciona a determinação de continuar, resultando em sentimentos mistos.
UFSC-EMB5648_01606-2025-1-2;Normal, confesso que a área de Programação não faz muito meu estilo, mas entendo a tamanha importância da área para Engenharia, então faço o que tem de ser feito.;Misto;O sentimento final foi escolhido como Misto porque há uma apreciação pela importância da programação, mas também uma declaração de desinteresse pela área.
UFSC-EMB5648_01606-2025-1-2;Estamos avançando na disciplina de forma satisfatória, as aulas práticas e teóricas, são bem relacionadas e tornam o ambiente propício ao aprendizado;Positiva;O sentimento final foi escolhido como positivo devido à satisfação expressa com o avanço na disciplina e a qualidade das aulas.
UFSC-EMB5648_01606-2025-1-2;"Estou com dificuldades na verdade. Achei que conseguiria entender a matéria com mais facilidade mas não é muito bem o caso. Nunca tive contato com a programação antes então a primeira vez está sendo bem difícil para mim, e nem é por falta de estudo. Tenho mais dificuldade em montar alguns programas que envolvem laços de repetição e desvio condicional, contudo a parte de código sequencial estou conseguindo desenvolver bem. Eu consigo entender a teoria funciona - tipo os laços de repetição, como &#039;while&#039; e &#039;for&#039;, por exemplo - mas na hora de aplicar no código tenho dificuldades. Outra coisa que me atrapalha muito é pensar numa maneira de criar um código que resolva o problema fornecido em exercícios.";Misto;O sentimento final foi escolhido como 'Misto' porque o estudante expressa tanto dificuldades e frustrações em relação à programação quanto uma compreensão satisfatória de alguns conceitos teóricos.
UFSC-EMB5648_01606-2025-1-2;achei que ia pior, mas até que tá dando pra desenrolar bem;Misto;O texto expressa uma expectativa negativa inicial, mas também revela uma satisfação com o progresso atual, resultando em sentimentos mistos.
UFSC-EMB5648_01606-2025-1-2;Me sinto confusa, as aulas são complexas de entender a didática é muito complicada de acompanhar. As atividades muito densas, principalmente no que concerne o ensino de programação com pseudocódigos e computador simplificado.;Misto;O texto expressa confusão e dificuldades com as aulas e atividades, indicando um sentimento negativo, mas não apresenta aspectos positivos.
UFSC-EMB5648_01606-2025-1-2;senti um pouco de dificuldade na matéria, mas me sinto bem em relação a ela, pois esta sendo muito explicada, meus resultados são por minha falta de atitude em relação da disciplina;Misto;O sentimento final foi escolhido como Misto porque o estudante expressa tanto dificuldades na matéria quanto uma sensação positiva em relação à explicação recebida.
UFSC-EMB5648_01606-2025-1-2;Gostei da evolução que eu tive no aprendizado sobre programação, acho que a disciplina treina muito o raciocínio lógico.;Positiva;O texto expressa satisfação com a evolução no aprendizado e elogia a disciplina, sem apresentar críticas ou aspectos desfavoráveis.
UFSC-EMB5648_01606-2025-1-2;Há muitas dificuldades, mas tenho tentado.;Misto;O texto expressa uma dificuldade, mas também menciona um esforço, resultando em sentimentos mistos.
UFSC-EMB5648_01606-2025-1-2;é uma materia que exige muito tempo e pratica e ainda estou me acostumando a isso;Misto;O texto apresenta uma crítica sobre a exigência de tempo e a dificuldade de adaptação, mas não contém elementos positivos claros, resultando em um sentimento misto.
UFSC-EMB5648_01606-2025-1-2;Uma disciplina que dá muita base para a engenharia no geral, está sendo boa;Positiva;O sentimento final foi escolhido como positivo porque o texto expressa satisfação com a disciplina e destaca sua importância para a formação em engenharia.
UFSC-EMB5648_01606-2025-1-2;Satisfeito, apesar de ter dificuldade na matéria.;Misto;O sentimento final foi escolhido como Misto porque há uma expressão de satisfação, mas também uma menção a dificuldades na matéria.
UFSC-EMB5648_01606-2025-1-2;Gostaria que a disciplina fosse mais direta, sem ter de passar pela parte de psceu do código e indo diretamente ao interesse, talvez até daria tempo de explorar mais a fundo a linguagem C, ou outra linguagem como Python;Misto;O texto expressa tanto a insatisfação com a abordagem da disciplina quanto o desejo de explorar mais linguagens, resultando em sentimentos mistos.
UFSC-EMB5648_01606-2025-1-2;Estou apresentando dificuldades com a matéria, visto que essa é a primeira vez que eu estou estudando programação.;Negativa;O sentimento final foi escolhido como Negativa devido à menção de dificuldades na matéria, sem qualquer aspecto positivo destacado.
UFSC-EMB5648_01606-2025-1-2;Satisfeita, gosto da disciplina e mesmo tendo dificuldade na matéria acho divertida e interessante.;Misto;O sentimento final foi escolhido como Misto porque há uma satisfação com a disciplina, mas também é mencionada uma dificuldade na matéria.
UFSC-EMB5648_01606-2025-1-2;a disciplina é legal mas tenho dificuldade de aplicar meus conhecimentos na hora da prova;Misto;O sentimento final foi escolhido como Misto porque há um elogio à disciplina, mas também uma crítica sobre a dificuldade em aplicar os conhecimentos.
UFSC-EMB5648_01606-2025-1-2;Com batente dificuldade;Negativa;O texto expressa uma crítica ao mencionar 'dificuldade', indicando um aspecto desfavorável.
UFSC-EMB5648_01606-2025-1-2;Estou gostando do jeito que está sendo mostrado o conteúdo e a quantidade de atividades disponibilizadas para estudo, mas quando chega a prova tenho dificuldade de aplicar o conteúdo da melhor forma a ser avaliada.;Misto;O sentimento final foi escolhido como Misto porque há uma apreciação pelo método de ensino e pelas atividades, mas também uma frustração em relação ao desempenho nas provas.
UFSC-EMB5648_01606-2025-1-2;Difícil e desafiadora, porém muito interessante.;Misto;O texto apresenta sentimentos positivos e negativos, destacando a dificuldade e o desafio, mas também a grandeza do interesse pela disciplina.
UFSC-EMB5648_01606-2025-1-2;No início eu imaginei que a disciplina de programação fosse diferente, e até pensei que era uma matéria complicada, porém, após a P1, eu percebi que a disciplina não é complicada, é apenas questão de prática;Misto;O texto apresenta uma mudança de percepção sobre a disciplina, começando com uma expectativa negativa e culminando em uma conclusão positiva.
UFSC-EMB5648_01606-2025-1-2;é uma disciplina difícil, mas de repetição, é completamente entendível, mas acho que deveria ter uma explicação maior.;Misto;O texto apresenta tanto uma crítica à dificuldade da disciplina quanto um reconhecimento de que ela é compreensível, resultando em sentimentos mistos.
UFSC-EMB5648_01606-2025-1-2;Gostei do avanço que eu tive. A disciplina me ajudou diante ao raciocínio lógico e a mexer em aparelhos tecnológicos;Positiva;O sentimento final foi escolhido como positivo porque o texto expressa satisfação e elogios em relação ao avanço e à ajuda da disciplina.
UFSC-EMB5648_01606-2025-1-2;Em relação à disciplina de Programação, tenho me sentido desafiado, mas ao mesmo tempo motivado a superar as dificuldades.;Misto;O sentimento final foi escolhido como Misto porque o estudante expressa tanto um desafio quanto uma motivação, refletindo sentimentos positivos e negativos.
UFSC-EMB5648_01606-2025-1-2;Ate o momento somente possuo duvidas a respeito na elobaraçao da estruturaçao na hora de fazer uma programa em C com intuito de fazer alguma string , porem de resto creio eu que me adapto muito bem;Misto;O texto expressa dúvidas sobre a elaboração da estruturação em programação, mas também menciona uma adaptação positiva, resultando em sentimentos mistos.
UFSC-EMB5648_01606-2025-1-2;Apesar de algumas dificuldades estou conseguindo acompanhar o conteúdo, então me sinto confiante.;Misto;O sentimento final foi escolhido como Misto porque há uma combinação de dificuldades enfrentadas e uma sensação de confiança ao acompanhar o conteúdo.
UFSC-EMB5648_01606-2025-1-2;Me sinto indiferente pois na minha  opinião o curso é um pouco complexo dada a minha situação...;Neutra;O texto expressa uma opinião sem carga emocional clara, focando na complexidade do curso e na situação do estudante.
UFSC-EMB5648_01606-2025-1-2;A disciplina é bem interessante e imagino que tenha um papel importante na formação de um engenheiro;Positiva;O texto expressa uma opinião favorável sobre a disciplina, destacando seu interesse e importância na formação profissional.
UFSC-EMB5648_01606-2025-1-2;Apesar da nota ,abaixo do esperado na primeira prova, sinto-me motivado com as aulas e principalmente com as listas de exercício, afim do treinamento e aperfeiçoamento na resolução de cada questão. Consigo perceber meu progresso, mesmo que não seja muito expressivo ainda e pretendo melhorar cada vez mais em relação à disciplina.;Misto;O sentimento final foi escolhido como Misto porque o texto expressa tanto motivação e progresso quanto uma insatisfação com a nota obtida.
UFSC-EMB5648_01601_01604-2025-1-2;Esta interessante, estou gostando de aprender prog, principalmente de fazer os exercicios. Sempre que concluo um e uma satisfacao de ter conseguido fazer um novo codigo. Nao sei se usarei prog no futuro mas esta sendo divertido aprender. Sinto que nao tenho tempo de fazer todos os exercicios, o que me preocupa com relacao a p2, mesmo eu sentindo que ja melhorei bastante desde a p1, ainda acho que nao sera o suficiente, principalmente depois da aula de vetores. Sinto que terei mais dificuldade com esse e os proximos conteudos que cairao na p2.;Misto;O sentimento final foi escolhido como 'Misto' porque o texto expressa tanto satisfação em aprender programação quanto preocupações e inseguranças em relação ao futuro e ao desempenho nas avaliações.
UFSC-EMB5648_01601_01604-2025-1-2;Acredito que houve alguns erros de comunicação entre os professores, acredito que ficar com as listas de questoes para a prova seja melhor do que a quantidade de vpl que há;Misto;O texto apresenta uma crítica sobre a comunicação entre professores e a quantidade de VPL, mas também expressa uma opinião favorável sobre ter listas de questões para a prova, resultando em sentimentos mistos.
UFSC-EMB5648_01601_01604-2025-1-2;Estudando para obter melhora, gosto do assunto.;Positiva;O sentimento final foi escolhido como Positiva porque a frase expressa satisfação com o assunto estudado.
UFSC-EMB5648_01601_01604-2025-1-2;Sinto que não entendo direito o conteúdo.;Negativa;O sentimento final foi escolhido como negativo porque a frase expressa uma dificuldade de compreensão do conteúdo.
UFSC-EMB5648_01601_01604-2025-1-2;Estava melh9;Neutra;O texto apresenta uma informação sem carga emocional clara, não expressando sentimentos positivos ou negativos.
UFSC-EMB5648_01601_01604-2025-1-2;Desanimado, sem intendimento da matéria e muita dificuldade no aprendizado;Negativa;O texto expressa claramente frustração e dificuldades no aprendizado, sem apresentar aspectos positivos.
UFSC-EMB5648_01601_01604-2025-1-2;Satisfeito;Positiva;O sentimento final foi escolhido como Positiva porque a palavra 'satisfeito' expressa uma satisfação clara e favorável.
UFSC-EMB5648_01601_01604-2025-1-2;Em relação a disciplina estou me sentindo indiferente pois não estou conseguindo me enquadrar na matéria, acho que não está sendo bem dada para o nível que eu possa entender as matérias. Por ser estudante estrangeiro,talvez seja o motivo pela qual a disciplina está sendo uma frustração pela rapidez da fala na explanação das matérias. Acho que com uma explicação mais calma e direta das matérias posso vir a melhor pois infelizmente até na monitoria consigo entender.      Muito obrigado!;Misto;O texto apresenta tanto críticas em relação à dificuldade da disciplina quanto uma esperança de melhoria com explicações mais claras, resultando em sentimentos mistos.
UFSC-EMB5648_01601_01604-2025-1-2;Estou me sentindo satisfeito com oque aprendi e com a ajuda que tenho durante as aulas práticas para tirar minhas dúvidas;Positiva;O sentimento final foi escolhido como positivo porque o estudante expressa satisfação com o aprendizado e a ajuda recebida nas aulas práticas.
UFSC-EMB5648_01601_01604-2025-1-2;eu acho a disciplina legal porém tenho dificuldade para entender a materia.;Misto;O sentimento final foi escolhido como Misto porque há uma apreciação pela disciplina, mas também uma crítica relacionada à dificuldade de compreensão.
UFSC-EMB5648_01601_01604-2025-1-2;Eu me sinto um pouco confuso com a matéria, mas tenho noção que de parte disso pode ser resolvida com estudos mais intensivos em casa.;Misto;O sentimento final foi escolhido como Misto porque há uma expressão de confusão em relação à matéria, mas também uma percepção positiva de que a situação pode ser melhorada com mais estudos.
CATOLICA-Prog-Web-A-2025-1-2;no início é difícil, mas todo mundo enfrenta dificuldades nessa vida então vamo que vamo (mas eu aprendi bastante a fazer uso de outras tecnologias, embora eu prefira a monogamia);Misto;O texto apresenta tanto uma dificuldade inicial quanto um aprendizado positivo, resultando em sentimentos mistos.
CATOLICA-Prog-Web-A-2025-1-2;Satisfeita;Positiva;O sentimento final foi escolhido como positivo porque a palavra 'satisfeita' expressa uma sensação de contentamento e aprovação.
CATOLICA-Prog-Web-A-2025-1-2;Acredito que o método de avaliação foi bem aplicado. Nos foi dado liberdade para desenvolvermos uma aplicação de nossa escolha do zero para ser avaliada depois.;Positiva;O texto expressa satisfação com o método de avaliação e a liberdade dada aos alunos, sem apresentar críticas ou aspectos desfavoráveis.
CATOLICA-Prog-Web-A-2025-1-2;gosto da disciplina;Positiva;O sentimento final foi escolhido como Positiva porque a frase expressa uma apreciação pela disciplina.
CATOLICA-Prog-Web-A-2025-1-2;Gosto da nossa dinâmica. O professor se disponibiliza para tirar nossas dúvidas e auxiliar no desenvolvimento, mas nos deixa livres pra escolher as ferramentas e os demais métodos de construção do código.;Positiva;O texto expressa satisfação com a dinâmica da aula e a disponibilidade do professor, sem apresentar críticas ou aspectos desfavoráveis.
CATOLICA-Prog-Web-A-2025-1-2;Satisfeito;Positiva;O sentimento final foi escolhido como Positiva porque a palavra 'satisfeito' expressa uma satisfação clara e favorável.
CATOLICA-Prog-Web-A-2025-1-2;Estou gostando , ainda mais que o tema é livre e você pode deixar sua criatividade fluir;Positiva;O sentimento final foi escolhido como positivo porque o estudante expressa satisfação e apreciação pela liberdade criativa no tema.
CATOLICA-Prog-Web-A-2025-1-2;Satisfeito, nada a declarar;Positiva;O sentimento final foi escolhido como Positiva porque a palavra 'satisfeito' indica uma avaliação favorável.
CATOLICA-Prog-Web-A-2025-1-2;As aulas do professor Camargo são das melhores que já tive. Sem enrolação, ele é sempre objetivo e as aulas não são cansativas. Sempre temos assunto e, mesmo com atividades, ele não deixa a aula perder o ritmo, passando pelos grupos ou pelos alunos e esclarecendo todas as dúvidas. Ele não é aquele professor que passa atividades só para “matar o tempo” da aula, mas sim para ajudar verdadeiramente todos os alunos.;Positiva;O sentimento final foi escolhido como positivo devido à forte ênfase em aspectos favoráveis das aulas e do professor, sem menção a críticas ou aspectos desfavoráveis.
CATOLICA-Prog-Web-A-2025-1-2;"Muito bem. Nunca fui muito bem com prazos, então está sendo uma oportunidade para eu conseguir me desenvolver.  Não estou tendo também nenhuma dificuldade técnica, é uma oportunidade de aprendizado, no meu ponto de vista. Para mim o mais complicado foi seguir uma ideia e colocar ela em prática, mudei diversas vezes meu escopo, por isso também aprendi a tomar decisões rápidas ou a pensar mais ""a frente"", tentando levar em consideração todo o projeto, antes de inicia-lo.";Misto;O texto apresenta tanto aspectos positivos sobre o desenvolvimento e aprendizado quanto negativos relacionados a dificuldades com prazos e mudanças de escopo.
CATOLICA-Prog-Web-A-2025-1-2;Acho que foi uma disciplina desafiadora, onde tivemos que desenvolver uma aplicação web e colocar em prática todo o conhecimento adquirido até aqui.;Misto;O texto apresenta um aspecto positivo sobre a aplicação prática do conhecimento, mas também menciona que a disciplina foi desafiadora, resultando em sentimentos mistos.
CATOLICA-Prog-Web-A-2025-1-2;É uma disciplina ineressante, que coloca em prática tudo o que vimos até o momento do curso, onde precisamos desenvolver uma aplicação atendendo seus requisitos e funcionalidades.;Positiva;O sentimento final foi escolhido como positivo devido à descrição favorável da disciplina e sua aplicação prática.
CATOLICA-Prog-Web-B-2025-1-2;muito feliz e satisfeita, tenho conseguido ter um grande aprendizado com o projeto proposto, além dos modelos de aula serem excelentes trazendo liberdade pra nós podermos explorar tecnologias diversas com uma grande orientação do professor;Positiva;O sentimento final foi escolhido como Positiva porque o texto expressa satisfação e elogios em relação ao aprendizado e à qualidade das aulas.
CATOLICA-Prog-Web-B-2025-1-2;Acho a forma do professor de instruir quanto aos trabalhos e explicar a matéria bem prática e fácil de entender. A comunicação entre professor e aluno também é sempre bem clara e muito boa, na minha opinião, estou bastante satisfeita.;Positiva;O sentimento final foi escolhido como Positiva porque o texto expressa satisfação e elogios em relação ao ensino do professor.
CATOLICA-Prog-Web-B-2025-1-2;Muito satisfeito pela flexibilidade da disciplina;Positiva;O sentimento final foi escolhido como positivo porque expressa satisfação em relação à flexibilidade da disciplina.
CATOLICA-Prog-Web-B-2025-1-2;Acredito que seja um bom desafio, mas seria interessante se a disciplina contasse com um certo grau de teoria (apresentar um ou mais frameworks/ferramentas aos alunos que pudessem auxiliar na execução do projeto, por exemplo, ainda que a presença fosse opcional em datas sem entrega);Misto;O texto expressa um aspecto positivo sobre o desafio, mas também critica a falta de teoria e ferramentas, resultando em sentimentos mistos.
CATOLICA-Prog-Web-B-2025-1-2;Muito bom, dá pra utilizar junto com a materia de PAC.;Positiva;O sentimento final foi escolhido como positivo porque o estudante expressa satisfação ao afirmar que é 'muito bom' e que pode ser utilizado de forma útil com outra matéria.
CATOLICA-Prog-Web-B-2025-1-2;Estou satisfeita em relação a disciplina, abertura para nos desenvolvermos e satisfatória.  Escolhi react para aperfeiçoar meus conhecimentos e estou desenvolvendo um trabalho bom, ao meu alcance.;Positiva;O sentimento final foi escolhido como Positiva, pois o texto expressa satisfação e aspectos favoráveis em relação à disciplina e ao desenvolvimento do trabalho.
CATOLICA-Prog-Web-B-2025-1-2;Nada sendo aprendido;Negativa;O texto expressa uma crítica clara sobre a falta de aprendizado, indicando insatisfação.
